idx, class_id, class_name, start_second, end_second
1, 2, glass/0043.wav, 4.130375, 5.525344
2, 2, glass/0010.wav, 10.188031, 12.135000
3, 2, glass/0048.wav, 16.571875, 18.164844
4, 2, glass/0010.wav, 23.611344, 25.558312
5, 2, glass/0031.wav, 30.417813, 31.071781
6, 2, glass/0024.wav, 35.123656, 37.201625
